ensembl_gene_id,gene_name,FPL1,FPL10,FPL11,FPL12,FPL13,FPL17,FPL18,FPL19,FPL2,FPL3,FPL4,FPL5,FPL8,FPL9
ENSPLAG00000000311,GnRH1 ,62.1446,5.50795,31.2722,24.5103,19.3098,17.2134,70.6153,50.692,41.5073,37.3637,28.8668,29.0598,25.1271,28.3759
ENSPLAG00000011903,GnRH2,48.9986,117.5055865,74.5722,52.8907,70.27630014,143.445,140.4766961,112.511,86.788,102.032,74.77360509,134.837,64.7023,76.4915
ENSPLAG00000010205,GnRH3,189.634,78.1381,262.898,130.139,47.3471,8.44136,198.61,132.524,239.237,212.929,132.172,108.713,36.3065,185.395
ENSPLAG00000015153,GnRHR(A),2.253220608,0,0.422504303,2.718896076,0.188417607,2.015538345,0.535052,1.520093846,2.190542208,1.00960436,2.7791,1.584721427,0.937227,0.866757026
ENSPLAG00000023063,GnRHR(B),1.55445,3.66738,2.01144,1.55807,4.2857,2.13233,1.44721,1.26356,0.818008,4.94,5.36387,3.56381,3.15155,1.37547
ENSPLAG00000001318,GnRHR(C),5.21287,4.48231,6.96912,2.26758,5.8666,2.46542,4.12404,5.15155,4.01245,3.41486,4.69831,4.69188,5.15294,5.46176
ENSPLAG00000019670,MC4R,10.2287,10.3483,12.8053,10.5026,10.7493,12.457,8.67132,10.5822,6.82683,5.54988,8.17824,9.46351,8.13035,10.5594